,NO,NO2,O3,NO_ppb,NO2_ppb,O3_ppb,O3_ss_ppb
NL00131,3.025167536231884,15.881684833024119,44.422803508771935,2.327051950947603,8.358781491065326,22.211401754385967,4.862664090047177
DEBY109,1.5179979315941519,6.904820814584143,62.90115027917326,1.167690716610886,3.634116218202181,31.45057513958663,2.633239962384068
NL00418,7.819367379802163,28.562420616659,44.489490934449094,6.014897984463202,15.032852956136317,22.244745467224547,6.636586275567847
